company,website,email,icp_score,personalization
Онлайн CRM система. Управление клиентами в современной облачной CRM,amocrm.ru,info@amocrm.ru,3,"Система amoCRM – удобная web программа для анализа продаж, доступная в режиме online из любой точки мира!"
Битрикс24 помогает бизнесу работать,bitrix24.ru,info@bitrix24.ru,3,"Битрикс24 — это полный комплект бесплатных инструментов для ведения бизнеса: CRM, конструктор сайтов и интернет-магазинов, система"
RetailCRM,retailcrm.ru,support@retailcrm.ru,3,"Подключите облачную CRM-платформу и в едином окне автоматизируйте весь цикл обработки заказов, маркетинговые рассылки, сбор чатов "
ПланФикс,planfix.ru,info@planfix.ru,3,Planfix это центр управления компанией
Kommo: AI CRM for sales & messaging automation,kommo.com,support@kommo.com,3,AI-powered CRM built for messenger-based sales
Mindbox,mindbox.ru,info@mindbox.ru,3,"Омниканальная маркетинговая платформа Mindbox объединяет CDP, рассылки, персонализацию и аналитику для автоматизации маркетинга и "
Carrot quest,carrotquest.io,support@carrotquest.io,3,Автоматизируйте лидогенерацию и прогрев клиентов с Carrot quest
Unisender,unisender.com,support@unisender.com,3,Unisender — удобный сервис Email рассылок
Multi,sendpulse.com,info@sendpulse.com,3,"​​Multi-channel marketing automation platform with email, web push, SMS, and chatbots for Facebook, Telegram, WhatsApp, and Instag"
Dashamail.ru,dashamail.ru,info@dashamail.ru,3,Отправить email-рассылку с помощью сервиса ✉ DashaMail: ✅ легко и быстро ✨ множество фишек ⭐ блочный редактор писем и бесплатная т
ePochta,epochta.ru,support@epochta.ru,3,Программы и сервисы для массовых рассылок email и СМС сообщений от ePochta - это полный набор всех необходимых инструментов для ре
CDP,expertsender.ru,info@expertsender.ru,3,"Узнайте, кто ваши клиенты"
roistat.com,roistat.com,info@roistat.com,3,roistat.com
Calltouch,calltouch.ru,info@calltouch.ru,3,"Привлекайте, конвертируйте и анализируйте ваших клиентов"
Омниканальная система для управления коммуникациями,comagic.ru,info@uiscom.ru,3,Единая система управления коммуникациями в маркетинге и продажах
getUNIQ,getuniq.me,info@getuniq.me,3,getUNIQ позволяет эффективно оптимизировать и распределять бюджет рекламных кампаний между всеми крупными рекламными сетями
MANGO OFFICE,mango-office.ru,info@mango-office.ru,2,Облачные бизнес-коммуникации MANGO OFFICE берегут самое ценное — Ваши деньги и Ваше время
"Virtual Phone System, Phone numbers and PBX",zadarma.com,info@zadarma.com,2,"Zadarma offers virtual phone numbers in 100+ countries, free cloud PBX and CRM systems"
Live Chat Software for Websites,jivosite.com,info@jivosite.com,2,Install Live Chat on your website and turn your visitors into paying customers with Jivo
LiveTex,livetex.ru,hello@livetex.ru,2,"Объедините все цифровые каналы коммуникации в одной чат-платформе и не пропустите ни одного обращения: чат для сайта, чат в мобиль"
Чат,chat2desk.com,info@chat2desk.com,2,"Чат-центр Chat2Desk ➤ WhatsApp, MAX, Telegram, ВКонтакте, Авито, онлайн чаты для сайта ⭐ Агрегатор мессенджеров для CRM и техподде"
edna,edna.ru,info@edna.ru,2,IT решения для бизнеса в сфере цифровых коммуникаций
Система автоматизации рекрутмента,huntflow.ru,info@huntflow.ru,2,"Хантфлоу — система автоматизации рекрутмента, которая помогает закрывать вакансии в срок"
CRM,talantix.ru,info@talantix.ru,2,Автоматизация рекрутмента ✔️ Talantix освободит до 30% вашего времени
hrlink.ru,hrlink.ru,info@hrlink.ru,2,hrlink.ru
Поток,potok.io,info@potok.io,2,"Передовые решения для ускорения подбора и адаптации, развития сотрудников и роста вовлеченности"
HFLabs,hflabs.ru,ask@hflabs.ru,2,Российский разработчик программного обеспечения для повышения качества клиентских данных
kontur.ru,kontur.ru,info@kontur.ru,1,kontur.ru
Моё дело,moedelo.org,support@moedelo.org,2,Аутсорсинг бухгалтерии «Моё дело» - от 5200 ₽/мес
DaData,dadata.ru,info@dadata.ru,2,"Проверяем, исправляем и отдаём вагон ценной информации по ФИО, адресам, телефонам, email, паспортам и реквизитам компаний — онлайн"
Финолог,finolog.ru,hello@finolog.ru,2,Налаживает систему управленческого учета в вашем бизнесе
Интернет,cloudpayments.ru,pr@cp.ru,2,Сервис приема онлайн-платежей для интернет-магазинов
"Платежная система Robokassa: сервис приема онлайн платежей в интернете для ИП, ООО и самозанятых",robokassa.ru,support@robokassa.ru,2,Прием онлайн-платежей с поддержкой всех популярных методов и инструментов
Moving Work Forward,pyrus.com,info@pyrus.com,2,Pyrus is the team communication tool that helps get things done
Weeek,weeek.net,info@weeek.net,2,Помогаем командам управлять проектами и задачами
Shtab AI,shtab.app,hi@shtab.app,2,"AI-система управления проектами, задачами, знаниями и OKR"
ELMA365,elma365.com,inbox@elma365.com,1,ELMA365 — Low-code платформа для автоматизации бизнеса и бизнес-процессов
Directum,directum.ru,info@directum.ru,1,"Экосистема Directum включает продукты для управления стратегией, кадровыми процессами, проектами, сервисами и документами"
NAUMEN,naumen.ru,sales@naumen.ru,1,Вендор и интегратор решений для бизнеса и органов власти
Saby (ранее СБИС или sbis),sbis.ru,info@sbis.ru,1,Ведите бизнес в одной системе — Saby (ранее СБИС или sbis)
omnidesk.ru,omnidesk.ru,info@omnidesk.ru,1,omnidesk.ru
Юздеск,usedesk.ru,founders@usedesk.ru,2,Хелпдеск для клиентской поддержки на русском языке с ИИ-функциями
GetCourse,getcourse.ru,support@getcourse.ru,1,"Геткурс – платформа для запуска онлайн курса, школы, лучшее решение для дистанционного обучения взрослых и детей, проведения вебин"
Бизон 365: образовательная платформа для онлайн обучения,bizon365.ru,support@bizon365.ru,1,"Образовательная платформа для обучения: вебинары, автовебинары и онлайн-курсы"
YCLIENTS,yclients.com,support@yclients.com,2,YCLIENTS — CRM-система для автоматизации и управления бизнесом в сфере услуг
"Билетная система для концерта, спорта, конференции, театра, выставки",qtickets.ru,info@qtickets.ru,1,"Автоматизированная билетная система полного цикла: распространение, продажи, контроль билетов"
Staffcop,staffcop.ru,info@staffcop.ru,1,"Staffcop – предназначен для расследования инцидентов, отслеживания потоков информации и сбора аналитики, а также предупреждения не"
SearchInform: информационная безопасность предприятия. Защита конфиденциальной информации компании от утечки,searchinform.ru,info@searchinform.ru,1,«СёрчИнформ» – российский разработчик средств информационной безопасности и инструментов для защиты информации
Signum.AI,signum.ai,hi@signum.ai,1,"Signum.AI is the AI visibility platform that reveals what shapes brand presence in ChatGPT, Perplexity and Gemini, what competitor"
b2b-center.ru,b2b-center.ru,info@b2b-center.ru,1,b2b-center.ru
